﻿Designator,Quantity,Value,Footprint,Package,MPN,DNP,Mount_Type,Description,Sim.Pins,Positions,category,digikey description,digikey part number,ipc land pattern name,lead free,library id,manufacturer,mouser part number,rohs,temperature range high,temperature range low,voltage
C1,1,0.1uF,C_0603_1608Metric_Pad1.08x0.95mm_HandSolder,,,,smt,,,,,,,,,,,,,,,
"C2, C3, C4, C7",4,4.7uF,C_0603_1608Metric_Pad1.08x0.95mm_HandSolder,,,,smt,10uF 10% 10V Ceramic Capacitor 0603,,,,,,,,,,,,,,
C5,1,10uF,C_0603_1608Metric_Pad1.08x0.95mm_HandSolder,,,,smt,10uF 10% 10V Ceramic Capacitor 0603,,,,,,,,,,,,,,
C6,1,1uF,C_0603_1608Metric_Pad1.08x0.95mm_HandSolder,,,,smt,,,,,,,,,,,,,,,
"D1, D10, D11, D12, D13, D14, D15, D16, D17, D18, D19, D2, D20, D21, D22, D23, D24, D25, D26, D27, D28, D29, D3, D30, D31, D32, D4, D5, D6, D7, D8, D9",32,SK6812SIDE,SK6812SIDE,,,,smt,RGB LED with integrated controller,,,,,,,,,,,,,,
"D33, D34, D35, D36, D37, D38, D39, D40, D41, D42, D43, D44, D45",13,SK6812MINI,SK6812MINI,,,,smt,RGB LED with integrated controller,,,,,,,,,,,,,,
D61,1,TPMEG2010AEB,D_SOD-523,,,,smt,"40V, 1A low Vf Trench MEGA Schottky barrier rectifier, SOD-523",,,,,,,,,,,,,,
D62,1,NCD0603R1,LED_0603_1608Metric_Pad1.05x0.95mm_HandSolder,,,,smt,Light emitting diode,1=K 2=A,,,,,,,,,,,,,
D63,1,NCD0603G1,LED_0603_1608Metric_Pad1.05x0.95mm_HandSolder,,,,smt,Light emitting diode,1=K 2=A,,,,,,,,,,,,,
J1,1,JST_PH_S2B,JST_PH_S2B-PH-K_1x02_P2.00mm_Horizontal,,,,tht,,,,,,,,,,,,,,,
J2,1,TYPE-C-2.0-16PIN-SMT-3,TYPE-C-2.0-16PIN-SMT-3,,,,smt,USB 2.0-only 16P Type-C Receptacle connector,,,,,,,,,,,,,,
J3,1,LCM0827A3038F,SolderWire-0.1sqmm_1x02_P3.6mm_D0.4mm_OD1mm,,,,tht,,,,,,,,,,,,,,,
LS1,1,QMB-09B-03,QMB-09B-03,,,,tht,,,,,,,,,,,,,,,
Q1,1,DMG2301L-7,SOT-23,,,,smt,"-3A Id, -20V Vds, P-Channel MOSFET, SOT-23",,,,,,,,,,,,,,
"R1, R6, R8",3,470,R_0603_1608Metric_Pad0.98x0.95mm_HandSolder,,,,smt,,,,,,,,,,,,,,,
"R10, R3, R9",3,5.1K,R_0603_1608Metric_Pad0.98x0.95mm_HandSolder,,,,smt,,,,,,,,,,,,,,,
"R2, R4, R5",3,100K,R_0603_1608Metric_Pad0.98x0.95mm_HandSolder,,,,smt,,,,,,,,,,,,,,,
R7,1,2K,R_0603_1608Metric_Pad0.98x0.95mm_HandSolder,,,,smt,,,,,,,,,,,,,,,
SW1,1,PCM12SMTR,SW_SPDT_PCM12,,,,smt,"Switch, single pole double throw",,Off    On,,,,,,,,,,,,
U1,1,AP2114H-3.3TRG1,AP2114H-3.3TRG1-0,SOT-223,,,smt,,,,IC,IC REG LINEAR 3.3V 1A SOT223,AP2114H-3.3TRG1DICT-ND,SOT230P700X160-4,yes,909078d6abd1c21a,Diodes,621-AP2114H-3.3TRG1,yes,+85°C,-40°C,3.3V
U2,1,~,floridaman2025_touch,,,,smt,,,,,,,,,,,,,,,
U3,1,MCP73831-2-OT,SOT-23-5,,,,smt,"Single cell, Li-Ion/Li-Po charge management controller, 4.20V, Tri-State Status Output, in SOT23-5 package",,,,,,,,,,,,,,
U4,1,ESP32-WROVER-E-N16R8,ESP32-WROVER-E,,,,smt,"ESP32-WROVER-E and ESP32-WROVER-IE are two powerful, generic WiFi-BT-BLE MCU modules that target a wide variety of applications, ranging from low-power sensor networks to the most demanding tasks, such as voice encoding, music streaming and MP3 decoding. ESP32-WROVER-E comes with a PCB antenna, and ESP32-WROVER-IE with an IPEX antenna. They both featurea 4 MB external SPI flash and an additional 8 MB SPI Pseudo static RAM (PSRAM).",,,,,,,,,,,,,,
U5,1,CH340X,MSOP-10_3x3mm_P0.5mm,,,,smt,,,,,,,,,,,,,,,
